id,name,username
112939258,ピノ子,colonial_viper
898767223593893888,実夢,miyukino0823
129851611,うぃん,Win_DDR
267976953,仏滅,inunekodturn
54391931,さくらそう,sakurasou
67021624,如月亮＠,RyoKisaragi
1423981130349305866,田舎のセツビ屋⛄️ボッチの設備屋🔧,wVIfXYfCpUIe3sK
3437109312,きーちゃん,tackeysaocr
595142990,SURF(ゲームっていいぞ),jkSurf06
1388337623823908865,とが,toga_uma
471737724,猫好きのちるちる🎍🌕,Sanka2525
1034630079211421696,6章の死屍😇,KBO05876500
107402343,フライデー★サークル「六六堂」土曜東地区ホ－41b,66do
179838144,うしろの玉ねぎ,rearonion
711280557699637248,プラチナ,megaerufun
925706348,ゴーシュ@たま虐推進委員,ghosh_44
2821776271,亀の子86,eclipse5s
3103344025,Darth omega13IL2,kar98kzf4
1095923449468338178,ホーサ A列車・艦これ・ウマ娘,AR6E3f6Ti701NBl
1164088822377791488,ヘスウス 【コブラ会-イーライ派】,DEMON_SECOND
1871704980,も,m_unrn2
3537078194,🐈🐈猫耳🐈🐈,arakawahiroyuki
908970968969748480,ゆきうさぎレミィ＜LSR＞,lsrkoho
874808912603561984,モン&スター,not_like_you666
896058216592711680,マメに手を洗うえつこ,etsuetsueruru
3665194872,酒クズのこんこん🍺🦊,kitsunekonkonko
257321510,若森若葉（タブレット画面を割ったので絵が描けない愚かな葉）🎪,Wakaba_50
1157881953074339840,ポテトサラダ,o4xXpFCb6HiKXer
3035520176,U.S.A.！U.S.A.！,lilRussian12
3285643598,asuka,asuka0323777
1239111520690159618,ْ1515652067032895493,_masa9
570750005,まい,9_maiti_6
3198629599,ぴゅあろん,pyu_aro_
864531366,しゃけふれーく,Syake2019
1492096417,牧村,sightseeing24
935154705855942656,蛟奈没,Nha_Vohozzh
105773550,おいV（りそく）,oififth
122056492,moritaku,moritakusan
382119009,KOMO,komo_twi
181390543,生茶,Racushia
1462751189242499075,axAX0923,AAx0923
820194268270596096,祝賀！すわすわもち＠備前国,kajisakoazusa
805760218890059776,蜜柑汁,mikan_siru
61737608,偽一休@ワクチン3回接種済,niseikkyu
130473393,カズシ,kazusi2222
1229424426824785922,ミト,sanjurrokei
1320781294100377600,肉味噌,onikutoomiso
2313688944,yumiko,yumiko123ymk
8375612,Yossy,Yossy_K
111829655,じゃくえもん(にゃーお！)💉💉(ФωФ)💉,jackjacquesjack
224483783,軍曹＠ゴーストR48,XR250GLOCK
887322804206555137,Taka@虚構防衛軍(NMLH神戸&埼玉),limonene_taka
3791806472,Gift,Gift_fujinohana
2351953928,鬼猿,tomo3495
931766819580387329,広島ひろし,takarabako2017
314550365,トトラ&琥珀☆花火の街,tagaini
358663467,いなぺち,inabull
110635921,アマリネさん＠元アイドル部,bsb_orpheus
42391244,いくお,ikuo0
1331172580045164544,リエラさん@FF14とFGO修行中,LIERAsun
125704622,Drフゥ　日曜日　東地区Ｖブロック－15a,DrFou
2600850366,暁 城,DD_aktk
1540296641248260097,いなぞー,inazo_toushi
1544332401211351046,jack,jack46909670
1096248836647923712,毛玉ホルダー,NiboniboShirasu
1552493018,ライト,Chu2Wannabe
815238212712943616,IKUMI,iku_Rock_n_Roll
137261762,流離の魔術師　大畑乃之　@大魔神の会　in ライフ・スキルの最高学府,wabisabiminder
378467114,蛙の王,gussiy
44829683,💉x3 桐生らいらぷす🌗,Laelaps_jp
994157925588389888,白河夜船,HkePXQt7Ti4z7at
1373613838818439169,TB203,k443154
2171085180,ししゃも豆腐🐟◻️,shisyamo_touhu
3265707882,みかんバーグ,mikan_burg0312
250056672,全てを食べ尽くす白い鳩🕊,774_ildl
214897115,マヤタ,mayata009
1381851860,コロ太,bs_korota
1056749029994852352,家系Eater(減塩),Iekei_eater3
455926318,らじあるたいや@のーわー,odayakayasuragi
128120313,ゲンゾウ(アンポンタン三人組のポン),trpglove
1324044557403697156,Tiffany - The Fact Finder,Tiffany45663788
729353416577716224,mugiwara,mugiwara4649857
1354138397762146305,太極真人,pnrphi2Bicfv1eD
1287674388905521152,いかりゅー🦑🐉,1k4ryu_
140154660,macoccoo,s888mak888s
122086872,南部町 改め 我孫子,nanbuchou
98895484,つか㋐今年も熱い夏にしようね。,tsuka515
1429374113760440327,オメー何類？,golden9453
349607170,自爆王/organize3さ2 HNの由来はボンバーマン,Marine_Sphere
1027786904882753536,ななな,nanananonananaw
4678422764,β,akatennsyoujyo
1451608695968653313,かのこ@Reality,kanoko0914
3238141128,はなこ,utbyo_bs
106429815,📛章仁,akirahitoshi
4210566613,マリオ💉💉💉,TOKYU4101
1234630857417060352,anonymous@ゆっくり茶番劇,Mylife_nsx
3187801146,雪風,pandorabox2020
1101797130035843075,りゅうちゃん@サバゲー@ギリースーツ投資家🇯🇵,Cv5KWyJbPaYxwYt
804590349968556037,417,QJNRxOZOubha7xv
2719176788,マコト,masutaddo
4920852000,ようりん,izumi_yorin
982144982956953600,psk(ぱすく),Hanagakki_UT
2416920385,やかん,yakan1125
957496968082743297,燐時/Тора,To_pa_
169908820,🕺🏻🪩💃🏻𝟭𝟲𝗯𝗶𝘁🍻👣✍🏻,Can_Be_Real
1201827867031588864,見滝原の阪神ファン,Tigers_and_PMMM
2477787666,しゅみっと,syumitto_rein
1091081827723268096,にっしー,WEST_24240
999642709940826112,た⭐︎ま⭐︎も🦊,tamamochandayo
43647478,🇺🇦田邉 正広🇯🇵,TANABE_Masahiro
965624738746806277,Boxing好きな人、日商1級勉強中,MZJBajViQgdJqOB
746647743964155904,ふー,foo726
383078492,ユリオ・リスキー,yurio904
93936156,上弦の猫、ワクチン3回目済,yatter001
1056802835008868353,ｶﾗﾁｬｿ,K4R4T0U
2962625636,ひら,jirojiroe
81145187,三木里秀予@楽器ちょっとお休み,hmikisato
1428947036,すあるき,suaruki
833521645,くまくま,TMisaki3
286708964,それでもばななは寄せてくる,banana_bbcurve
225094035,かほりと☆ここあ 提督,d16gp05
1249348435154624512,水無真白☂︎@鍵穴に嵌っていく,masiro_mizunasi
986994910564835329,くろむ,kuromu_0116
881404338500886528,肉袋ファング,fangshikollman
848521480493080576,ルゥ,luusandes118
1083908549367877632,名無し３ゲッター,nanashi3getter
562930824,うつぼざる@Hey6推し,marmot02
99956574,amtg/bnuh,BnuhAmtg
2913700411,うすしお,25nc750x
176102413,cv:amina sato,fulumine
156927629,👓紅狼 & 🦊いなり,beniwolf
76012991,もくば,soratobu_uma
1312659449782259712,siro@7/23東６ね08a,sirotwst
757355358,ぽたぽん( ´ᐞ` ),Loneliness_poyo
2231329020,瑠璃 夏コミ日曜日東テ36b委託土曜日東Ｙ35a,ayaayapan69
83831611,つる→7/31 14時TSL2＃1vs大垣＠北西部,secondsmania
89650144,ゆみ@年女寅年,Lady_yumi
929906961486942208,渋谷の画伯会,subuyagahakukai
153224851,優風(ゆうか),vellark
503144622,ゆうこ,yuko09219693
1127195103590637569,peki,peki22228984
476671982,たのあきら（公開用）,tanoakira_open
1547472019133894656,るくさ,rukuruku_rukusa
880981911295873026,のび太メンタル,Us8MfEMEahGdvC6
1196041616386973702,超転生　アロガラ先輩,arogara_1010
2993690848,NPCプレイヤーのレンレン（PSO2NGS）,f8881d6faecb427
840517731921219584,カメ吉,0kame02145
1164114915692404738,壊れたレックス,kowarekakesyu
1155029241169207297,アーツ学Ⅱ,wMYPLBwBSC44fQo
863690509394427904,化野コト┐_,COTOCO_ADASHINO
159042823,ワイス@29/30横浜,wisteria943
1040603551049834497,フィクス/足フェチ,fix_vtuberwatch
2325460075,笹野🏝7/23：東６ね40a🏖7/24：東６て15b,NaN_0203
107943216,sat　Ще не вмерла України,satontwitt
1396272608362995715,オイオイオイオ,sMNKmxdD4cJNCXd
908619851849011201,Silo Bis,Silo_Bis1915
1018379992114216961,れんち💐:*.,renchi_empire
2164550568,んたいお＠dogezavideo,yy37998207
975902424450834432,ジョー,likejoji1230
3021819722,佐々木良樹(¥$K),YSK_1993
1233045692672667651,粟原かなめ,awa_kaname
269588363,ぽよぽよ。,newbobobon
965102281673736192,んちゅがさきそかぜ,typtoon
254836111,カピ。＠夏バテ中,nemutaikapibara
1079038297450590209,ﾃｨ,0dA_tea
151528713,Dz-N,KaninoNagisan
1313316431757336576,《No war》仮面ライダーアークネクサス《安倍さんありがとう》,ARKDRIVERNEXUS
784824493,エルデの褪せ鹿,sgemarutyan410
869926926185488386,あっちゃん,kirroyal15
2420664024,青村/剣香水トークショーレポ作成中,pkmnrider
734360331057692672,犬風やむ🐕,yum_shishi
1318678836,柳(りゅう),Ryuk1tgw
77442694,はひう⛸ クラファン成立しました！,hahiu
877445864,えのころฅ(・ω・ฅ) 🇺🇿,bunbunmr
1427427468,こまった砂漠兎はぽちに憧れる,xyz__sabajet_
201227925,きっどん,TOMO378
4233427874,あおぺこ🍏はらむし🐛9/14.15.25.26🍎USJ VIP年パス🎃,nnja_ka
29599253,タクラミックス,takuramix
1533320127630147584,メビウス,2tkd6p6fjb
162778416,冴子,__Saeco__
3238989726,ふわふわのもっこり,a_y_tkrb
774238302815649792,雲雀田,hibaridahhh
1511079582962962434,偶然,Sk5Lsu0QeImxqUV
132762705,早瀬めぐみ,hayasemegumi
480902567,はろこ,86ko24_b
101712768,りんりん,ling_nyimadawa
1163113798133141505,進,tsuki_susumu
3799016054,naco,beautnaco
161319310,久賀まさお,masao_ku_
2213818297,esueichi,esueichi_gm
1368447336125407232,たけし。@໊ฅ^ᴗ ̫ ᴗ^🐾໊♡🫐🖤/🏰🥀,take07take17
803131866077241344,おかぴ🌻,okapi1192
4408965254,グミ🐬🐋🐇💙,gummy_mimi
1460143493956120576,銅の小舟,ivXBS356atVSLRn
1032942226148450305,縁兎＿ship6所属🍀自称神,Clover8901_Mc
1091263932,アルタイル＠裏垢デネブカイトス,maningen_altair
404230497,臥竜🍣🍢🍛🍜🍚💉💉💉,NTayustat
3174005785,無頼マスター,burai_master
728778710,カバ　シャニマス、デレステＰ兼業ＹＰ,hipo0872st
1359880765371080708,カイト,kite_smb35
556224728,LariPace,LariPace
819116505824514048,ドラドラ,miya3102
1520332368816459777,ライオン象（リピアー）,dodomu1138148
1261950786319249414,オーマイさかな💫💫,ODDwakame
161035259,船頭補佐,sendouhosa
698924196974317568,コニー弟@黒/白猫アカ&とうらぶ&FGO,konybrother
2921476860,せこ@0.1曼荼羅,metaseco1a
182780088,🦍(o∀n){桶屋(Vo)🦍,okeyaxvocal
3260821524,網場朱鷺,amiba_toki199x
795542658961711104,因果応報剣の人,ltamae777
173432461,玻璃💉💉💉ファファファ,rusa_luka
1074170938386657280,kei,_kei_s
279328827,おかケン,o_kaken
1122465094875488257,chara_メル🦊🐈🍶🌸🌧＠マジミラ大阪勢,chara_melmel
281962966,銀傘名引,gingasanabiki
400650002,猫山野牌@土竜提督,nekoyamanohai
855549893481340928,し°ょし°@Skeb募集中,mikadodesu1000
1026372326,七瀬零🌈（れいきゅん）,rei_nanase777
715879923974426624,LMD0229,lmd2016_0401
1175377500567818240,ゆ,xychocomintxy
368216127,ててこ,tytykosan
1382652486784143364,たぬき:フォロバ99(ラグラージ推し),yajuetanuki
49510566,Makiko Ishihara,makiko8
178753013,フランクのちち,pug_frank
123521960,式零負,nullzwai
1527423012,MEW,mew_mofmof
308941696,天狼 光牙＠電波番長,fenrirdenpadata
756484058037624832,山端一稔【公式】,yamahata1000nen
357597957,キハチ / Quihatch,quihatch
157340856,ぷに,kzy223
2393845800,🇨🇺たいがーますく🇦🇴,taigamasuku334
83837760,平野 俊幸,rano_yuki
267747470,ハナニライダー,red_seachicken
1206964944253571073,ぷれでたーぷらんつゔぇるてあなこんだ,unkotokagakika
1432228825169944579,夏見馨｜NATUMI Kaoru,natumi_kaoru
708820388,さめとかげ@毎週土曜日に配信するケモVリスナー,Same_To_Kage
201764675,KAMON,KAMON_Yammani
1225376034,黒猫†フランベルジュ,ayakasi_k39
103028686,くりすたる,9rystal
1484761649055956992,わた,wata0122_
1083684475270160384,優咲 穂乃香/cryEGO※只今情緒不安定※,HONOKA_cryEGO
238468174,ハリー,harry_ksg
918467965,ジャック🌵👑⚖🔱☄🧟‍♀️🦈🍕👆💞🦩,ripper_of_hope
1175299921,とうふくんちゃんさん,Tohu_naganegi1
1598251928,しおや,sioyuuya
1091558707169681409,山さん,do4I95aTABUkeYW
269738841,ひるめし・ランチ,lunch_goma_539
959210787729416193,とも,bigsm1125_suger
274222795,小熊,tired_koguma
4597770433,もりのくますけ@喪中,morikuma1512
188615721,SMKFHQ,OSws02
989540716110991363,Keigo,coctgrn
787535273080999936,🐨🦒🦉🐢,isiuid
795590265213812736,私,Anknown_and_K
3166417976,悠人🍵🍀📄@雑多垢,328mkkm_y
1261502810031394816,RNJ,RNJ33972270
159852314,本屋ライター　和氣正幸（BOOKSHOP LOVER）,wakkyhr
280102637,JJ,Michael_wing
1520702682981609474,🍜旨🍚煮🍜@１週間連続お絵描き終了✨,umani001
988232924766994432,三歩,EESZb0loag6N3ca
716832031624146944,🇯🇵日本人🇯🇵,M1dor1_774
2733542576,sspuusan,sspuusan
2862918368,いそふで㌠ガルパンおじさん,isofude
3704378898,ザク@じーや,izayoi421
78047458,"蒼崎 一希@C100(日)東""セ""44b",Kazuki_Aozaki
2250612542,幸福アラン⋈ （肚で鍼を打つ！）,gingiro0047
3300247164,ざなっし〜,50xanaCIMA
155891981,G0DSPEED,GSX13OORZY
1446292230,佰萬神(ミリゴ),act_once
2272894904,穂村たむらちゃん,tamurahomura
1388827315065425925,霜月,OXluEtkLGMwOb6o
989507360522563584,香取染工,katorisneko
223028147,今（いま）,ima_ss
142917869,連続TV漫画　天同 蒼,TENDOU_DESSE
2306035243,すみす,simogmo4jou
1080941069808717824,三木プルーン提督,Admiral_mikipru
2424942354,ミカン,tnatsu37
1127624481067884544,坂の上のミートカイザー@山岡🦊🤪🐺,Y_oka3_Lily
2322071779,𓀤͋͋͋͋͋͋͋͋͋͋͋͋͋͋͋アマノ͒͒͒͒͒͒͒͒͒͒͒͒͒͒͒͒͒͒͒͒𓀥,AMAsanYUsan
371237600,laosi_laosi,Laosi_Laosi
1385988676983738370,けい,6LuIFAFbPbxrrlL
387648659,96tomo,96_tomo
824258646871683072,狩野「寒月」寅彦,kanoukangetu
207375629,吉岡刑事,kinokomario9167
781302408,サスケ,vvtc36
189133385,💜💙наруми(narumi)💙💜,minaminarumi
962422201524695041,ホロゥ,Horo_elest
1215239523614904321,ぼたん,botan2828
126621269,常太郎,tunetarou
139610560,セキビシ島コス夏の陣お疲れ様でした☀️,sekivisy
1292679716239847424,真(月),makoto_newmoon
2522396659,こーへーじゃない,re12981_
545062903,沙慈,saji0111
265302642,KEIN,keinalternative
1308448076953079808,あるま🎀✨,B880v2
4556439373,うみぃ,Mare_0r1
1467810140753924096,🗝️ジバコイルの人🏳️白旗ボール@フォロバ10%💙💛,Jivarus_boudai
987412356715048960,ジルク【GC〆】チャンネルJ,J67160161
2229095052,たけむら【安用】🌸໒꒱　🫧💤,tk19950716
732411107109830656,りー@人外好き,sutonnriba20521
24133787,ク二ヨネ,gorakusan
1001661512,花声,hanagoe_hanauta
820948818866802689,欲に忠実なおまこい(狂) oru ❥🎩🐤,4510171omakoi
226061470,まっきー,maki1985maki
734978875839504384,麒麟＠１６８オール丙,myny3317
977322538597429248,てにをは,aabbccddeec
1361650668226813952,RT Rider,RT_HONDA_Rider
1642235516,Ark,Ark3599
990240894409359361,みみみ,pwzf9u49
216383188,RiN,rin_weed
1487798992390201344,Yoshiko Nishitani💙💛,W06PL3LKMO
1204737503804047360,ARAK 五等分の花嫁考察別アカ,VxOHBSCviSc3RHf
966975241858641920,ツバメのkei@7/23神宮,keixd001
1405872372024967170,機械ブレイカー田中(撫子推し),Nadeko_Break
262587306,トツ@組長,To_2_san
2478511764,歯医者に電話,344gouchi
312678968,十六夜陸佐,nervty
271768093,羽印ぐぅ,hanegu
2897979626,/// れどさんぶらっく /// 💀💀💀💀💀💀 ///,RedSun_Black
4736547158,結城璃奈@参列済,asyj1025yuirina
338818926,サキュ・デボラ,Deborah6345
252004957,らでぃっくん,SupraPhonic402
115885193,Mill=O=Wisp,millowisp
3955211598,りんごトマト@5年目の無能,babytomatoman
765787639001866240,和臣🔇🐯,omi_todoizu
1091883354666852352,(　˙ω˙　)大元帥あ(　˙ω˙　),aaaadaigensui
1343320372628738048,SUGOIバナナ🍌(軍神.アダム),Balor_MK2
1101189471351918592,グレゴール・儘に,atnooome369
869459959683076097,Meguro.K,meguro_o
2161230986,モノすけ,spmcmono
815229084795957248,うん,megumiruku23
1352551217684090882,2代目ヲタを極めたい哲学者,2jjj_3
1302909857603833858,緋彩(ひいろ)@低浮上@ニーゴ推し,88888888em
1291868233222385664,碧野大豆(みどりのだいず)/🌸🍃,5km15946680
2342038405,魁,Y86720137
31401416,狐玉いたくぁ,I_T_Q
119273903,和乃,alpaca_5
1338125145177612288,Mono,xeno2g
14638829,砂貘,kirisame_sabaku
3278436194,あうまる@イツメンとしか遊ばない寂しいやつ,kuroba_aumaru
301822056,なぁな,execfliparfage
2704045220,おいぬさま,LaMaeken
113196710,ファミーユ　人工知能,Famille_Sucre
880774088544755712,ケモネローディ since 2012,PrimevalControl
519464868,グラタン,_6361744744842
799560325217423361,アヤモト,AyamotoYes
242780807,椛,putrefied_mind
1383800574374600712,運河卿,canal_age
1190655983959203840,sakakun,sakakun_0201
1448504348,おすとあんでる,keitasann55
1607407225,仁瀬 七連,nisenana
1467801592980467712,葉月,slove_hachiroku
47245739,うるとら☆れいかぁ@🔺プメ🔥🚒🤜🔺🎥Lv.143,ultraraker
1424643744398069760,ストレーク,Strake0829
264283788,関東の遅刻魔,k_chikokuma
115789097,やんふい＠豆狸,yanghui_tlrd
716972341431918593,テトラ7,tetorapoddo22
725224864194265088,一般人N,IPPANZIN_N
785868551349567488,hatena_michi,hatena_michi
722767052851716096,雨引の文五郎,zauperer
4926400520,登るのじゃ！！ともみ🚵‍♀️,azusanoyumihari
131959106,Lowbrow,lowbrow22
1383858492033835016,粉砕骨折ナンブ,Insan3s1lvia_gs
2247075661,フォックステイル,kitune801
3265478070,めんまま,meeminonakami
902884844505464832,リペ,d0o0b9
835527573333393409,КЕНАЭ,i_love_kino
1270582687095386112,天界リーチでラヴァに潰されたヤン,Yokoyanmortar19
127125477,🐜🦴( 'ω'o【 とっぷさん 】o🐬🐏,toptoptop616
1178509435766853632,Shaw Bishop,Bishop13492347
1525670005269901313,ひつまぶし！,ussrAAACO
203127905,ｸｿﾚｰｽﾞ·ﾕﾘｽｷｰ,Momiji_Aphorism
193276481,D O $ M I L🫖🇺🇦,ddoossmmiill
2899786434,Loki,game_Loki
1320562251514798087,TaCRi,st61512846
217308800,ぽこ太郎,milky_way909
1051834296778932224,シータプラス,RX93_0710
885710860001320961,せなクラフト,senna3284
304393554,毛糸＠0473 8865 6820,keitdama
154396871,絶壁🐉＠フールフールの人,zeptenko
963193651693105152,有原ハリアー＠イラスト練習中なおっぱい教徒（20↑）,SchwarzRitter05
15305106,さいだぁ１０８歳（スプライトも好き,Saider51
1060844188239978497,新井橙弥 定職中,touya_arai
1466061867340931075,ケビン💐🌻,kevin099455
122991718,木元 美加羅霧,dddformation
138759540,ぶちょー＠C100(日)東テ24a🍒,SeifukuBuBucho
1449614199986929671,ブンツク茶釜,wanpakubo_i
96754917,Mito＠御依頼受付中。,amtmt22
1050347559007342594,くぅ,no_name_kuu
868740199508983810,望月,motizuki1123
714713970029043712,リパー,Shinomegu923
1226774660395569152,シエル,sieru_po
1508316414,ぴな,pina20_23
3131369198,コロリリ,kororiri0928
1242517921462489088,たくや,kutaquta
1355790266217599035,令和たわごとbot（１号）,Type1_Mk21
79342947,orphe,orphechin
619568693,樹深（きみ）,tokoroten0109
2377465183,キーノくん,inskino_kun
2656402195,シモ剣☠️🏴‍☠️【MRT】,XxshimokenxX
4688782478,Akito❀Asuhara,Asuhara_akito_Y
723542715359580160,オルカラス・ラボ,DrRaven_Noka
1346531940,mamo,0115_mamo
386477576,わんころ,iwmer0606
1338405000741933056,切谷丸 叶,kanou_kiriyamar
164856379,ウルル,kuromame5531
2908676942,シン(シ)・スコーピルヴェ,Scor_Pilve
128543793,鷽月亭幸爾麻呂@蘇民将来之子孫也,sanikusu
1451132477947322375,雨宫留依,Rui_Verypink
872816001494138880,むかいひろき🐯💉💉💉,hiroki_ru_th
95533381,はせべえ,Yhasegawa0112
1085086619105865728,日本応援隊,NIPPONOUENTAI
412961700,西 北々,hoku_x2
559741172,はるか＠,haruka507
1031197318064664577,ニダオ・第2期　（ミュート推奨）,segundonidao
105424814,くろぺん#お仕事再開,kuropenn
4923393506,「作者」ゾロクーア,zoroark02
256415954,きゅあ★竹猫,singetunoneko
1044076633961852929,ソロリア,sororias2102
1613458860,しおいぬ＠ケダマエル,salz_110
106416418,毘敏婆@秋田トラックク○提督遠江（復興中）甲甲甲甲乙,onokagakaga
825188389657866246,チョーさん(猪子馬七),chocovanana1222
1495348117511675905,パイライト,kajoubouei
1260097318100955136,通路の扉,KONBU9cmhtoar7e
136305506,ᛋᚺᛁᚾᛃᛁ,kennel_2
1070511154298929152,vuigo,hULvmqoQV6mYjW0
1217752953936736257,GATATa,Oden11413178
774664740941410305,ふーてゃ,Suzuki32s
1110128353502085120,滝川•シスター•ヴィオレ,SisterViolet_
1492248951214718978,ちんこまん,gRMH9RTXehEscNM
1963679564,マンゴーリカー,mangoliqueur
1169847561047298048,返品,x_redneterP
84123741,¡ ıɾuǝʞ 'ɐɯıɾɐqos,K_soB
1273185160091975685,ろりねこ🐾きよはるさんのファンボ,ArnaGroly
3072482892,mizuki,lovekoumakan
1210588888567181312,さと🍊7/23東３フ22b,mikura0614
118216236,deepster,rolly_jp
146848777,💙🧡ベッカー💙🧡,kamiyubiataka
1326791233583407109,のな子,2525Varie
70035954,桜庭 恭一,SKRBKY1
1056502268684468224,((((((((((っ･ω･)っ ﾌﾞｰﾝ ｶﾆｶﾏ,ytukuri_rs2
491939785,yumi iju,IjuYumi
1377500984453177351,メガネからっぱ,VND6v3dGq75ZZZT
16166352,kiwa / kinami_natzha,kiwa_p
160205639,Cyphiss,Cyphiss
20294819,kanieda,kanieda
820968445747478528,サティ,gr1ors
806773330996916224,ことこと0617🐏,miHaKo1018
1246428019931017218,ryo,ryo10704076
1039569166938718209,そらそう,ACm9qrRUfu4wVbl
2698190288,怨霊（笑）,J6Xd0dxejA
52658392,ｽﾅｯｸかえるちゃん@運転荒い国仕込み,aminah2500
1426578385094860803,白昼月下【はくちゅうげっか】,maskedridergt
429070454,チャイカ(仮),chaika_Be12
7554292,清義明,masterlow
1299737399749091330,彩羽,Hynoizl
1492364347,EG | しゃごぞう🕋🔊,shago_zoo
83590705,いけちん,ike_chin
165573507,巫子,yuukimiko
1279682379364225026,piyohiyokopiyo,takumidayoooo1
882588476436127744,さかさぐりぐり@ゆるっとアナログ企画参加します♡,meganeguri2
93164280,湘南S.SASAKI休日旅行人,shounan__sasaki
1298822914825887745,くぉ！,ts0181
101096603,⌒°( ´∀`)°⌒,bagamimi
3306008714,老兵,hiruandon2199
1324352819277672448,ゆう,infinitiQX80
125313914,クジラ,Hasibiroko3
830096595232321536,普徳亭大崇(狂歌・都々逸),kubiresan2
177496106,迂闊十臓🔞(NSFW)『フルチン済監督』,ukatujyu
1537705535684091904,裏垢異世界お兄さん,sindemonaoranai
170651596,ToygunSlinger,ToygunSlinger
83316910,シンデン,Shinden28
1153404836,RYU-BOOKMAN🏰🕛,RYUxBOOKMAN
1005428156382113792,脂豚酸太郎 #FUCKPUTIN #GLORYTOUKRAINE,abura_buta666
126266477,たかみん／りんと🐏,r_takamine
863233988856397824,アギト(´-ω-｀),takiyoshi70
1110454852461580288,スターバリューｽﾀ⊂(`･ω･´)⊃ﾊﾞｯ,starriv56219472
1125051570192707584,零野🏃切裂(ゼロノ🎮スラッシュ),TokotonZerosura
1114439285740933121,マルおうじ@百合守党🇯🇵副党首,maruouji0419
875390218018226177,ももつきゆきや🍅,yukiyalien
1040018243732135936,jjtxsきゃね🌽☃☄黒い砂漠,jjtxs
1006618628601466880,シエスタ🌕,Zzztehaha
1106001610826616832,だーれだ,Rotosu1
71109773,拝屋松五郎®︎,ogamiya
96561496,スペシャリストYuichir0 📚🎻,Yu_1_guitars
1261810741092352001,綾小路颯斗(百合厨),vtuversaikou
116187647,柊二(ｼｭｳｼﾞ),arisaka38
524550283,楠木流,ksnkngr
1515555796712628224,三日前の牛肉,neeneenekochan
246879660,みっち,reina3510
335071144,Yuta,1980yuta
1507711884912631813,おたた,Otata_niki
106576955,アスラン＠ENL,aslan_vanguard
295626055,ねんちゃく@⭐😈🧸💝❗❕🐕🐾🐾🦴,akiyukis
2881716158,ユタ@s△,ao_piko
111666182,ちょま🌸山城国所属,choma3271
1282589043222474752,c.t.smith,_k_t_y_s_h_d_
618120568,死にたい,tokosousa9
1295203522162483201,あやもり＠7/23東３フ42b,ayamori0420
864566556,紅巴,iroha2hohe105
17423225,迷亭水鏡@C100日曜東3カ34b,m_suikyou
2909101969,しぇるぱ６３inウィーリーズ・ワンダーランド,syerupa63
3281219876,藤原為介,Fujisuke_ekaku
158003337,はちみつ＠諸般の事情で一人だけ引っ越し,hatimitu_nano
2372682066,みたらしダンゴムシ@チョコミン党過激派,sweetpillbugs
120071476,るくんね,SeleneneleS
1103554032,片付無理🐌狩人兼ヒカセン〜只今漆黒にて絶賛絶叫中〜,katatu70
3236155753,にゃんこ先生,nyancoNineTails
208397091,ららみ🎣,rarami9008
739833743364358144,蜜蜂シゲル,shigeru_bee
2433444619,未覚醒,dagman24
2262996991,〜英〜【大和憲実隊】,1st94Kuma
142285731,Yoshiko,ilfaren
953215296092880897,つく二ン🦎,tukuninn
815213217353867265,佐倉　紫,yukarisakura29
125127614,NOBIE.jl💉💉💉,NOBIE41
250012386,ゆうかり,lmyh0
1472041850177753088,お気楽ばなな,28AfgmHeJDeCxRb
4836072073,やまなか,nakayama_64
402728806,はらだ,privateYuki
14054656,nijyosecondきらら,HACHINO
1076904622126620672,ぱぬどん,panudonmk2
554443701,アルファ(カタカナの方),Spector5st
3299599308,IAIA,daisk20
81050823,Gin-ga,Gin_ga
1214567656507838469,岩江@(株)赤崎エンタープライズ🍀あっきー可愛過ぎて死ねる,Maritime_Clover
2882882803,怒羅衛門ひよこメンバー,doraephoneomote
371251108,南西堂,nanseido
2948934409,かるぴし(7/23：東3フ41b),felizanuf
1480860350212091905,さ,akasabi_Banette
1312728068197289984,かのん,Tanukimatu1
333338131,U子@種師,SeedMaster_T
233533922,ツヨシ@イーネッ！カープ＆サンフレ！,pastabarpiano
848210794588262400,sora,sora_29_77
83028515,丹羽形ノア,niwagata
911383735794143232,うさぴぴ宇宙大魔王,nVkZKsvQQHdU72s
115230586,LINA@L_P,LINA_LP
1053602821809963008,ごおぐう/杉風さん,illGoGoo
1364778235444142084,井上🫳,Inoue_guppi
987672420742909952,rena,rena9646
100788034,ゆ〜たん💉💉💉,Iutach
1041620166,くりーぷ（まりむ）,creepmarim
1270240642115883008,フィローチェ神谷,who_receive_080
4926401594,まーにー,pinoberg
269294391,eater,moonufoRoR
3798937392,ℂ𝕖𝕔𝕚𝕝🖤❤️💛™️再起動_FANKS♡DTM,LoveTMN_Cecil
2322196765,甘泉uni,amaizumiuni
71550196,ちょこた,cho_co_ta
787987971345489920,カレア,karea_xxshoura
240505069,ぐれさん💙🧡→ぐれふぁん(命名:米倉千尋),tomo1excalibur
3269050520,黒須葉一,mmworks0
1117676977119346688,kyo,kyomenka
710680122,湛山院涼寛,InfinityBreak
1518590063466090499,きのこのこのこいんきゃのこ,MushroomINKYA
869100094473117696,ひつじ🍆,4gousennsya
964935942443122688,マイケル,SakuyaRZ_GXPA16
1540540878,Ana,Ana_4N
325465580,えびす@コンパス小川,yebisu96
1210761737865027592,けい,kei_touketsu3
1015176831589179392,むい❀おめが,kosian0405
128497419,いなれかは×はータスマ西祖元XXX.oN,kaaaaaaatop
4787989686,黒糖,amatou_5522
134106774,ハイ山工口乃助,shouta106
1270294993240911873,水島悠,BldgMBNMrZkPxFO
119308439,対月@フルトラ始めました,taigetsu
769395981574168576,北見川せいあ,s_kitamigawa
1139883595852468224,こがらし🍁@幸福の黄色いジムニスト💉💉💉(≡・x・≡),_LaughingMan__
58451151,wacky㌠よくもわるくも,wacky141
153403577,キング時スプ,fireman114514
110700366,日下部純,Kusakabe_Jun
1173828891321876480,フムフム/FMFM@virtual垢,fmfmVtuberMain
69838756,鯖夢,sabamu
3017215574,fishingman,marinefield6317
1377104718590136327,月暦のキャンプ地,hentai_yayoi
350812642,響平(じんぼ),onokyoro
488735234,なぎ@アルスノ再始動おめでとう㊗！アニメ化おめでとう㊗！漫画化おめでとう！書籍化おめでとう㊗！,nagizinno
88803278,さかいみのり💉💉💉,sakaiminorin
73075491,"チトフ㌠ 💯🦂9/16,17大洗（仮）",titov_09
220586717,るろうに🍀🍊,rurouni_YxN
1422111629102129155,土,mutukuna
1529331586495238145,たあ,FcwY5bf5Jkplm29
191856462,なかG,gmng14
3353812813,イカれたエルモを紹介するぜ,kurose_akira39
1424675837521981441,怪しくなくて変な人,Y7VbOvNdkkdTG1u
55482581,じぇど。,jade_jp
175725085,低融解金属,teiyuukai
1030467316188729346,ハツカ,hatuka002
1126116785852280834,白雨@,rAhy1Y1inVD4y7W
513828558,関西柑橘,Frowningpugdog
1330848978766766082,新生ONIGAWARA,ONIGAWARA__001
2915570407,セキエン@スケブ募集中,damasii0523
319994220,央江,etoile0618
1033207742775750656,Mr.Noob,Annoyin71905617
177275596,夏目明,Aki2647
2393758368,あじぇねこ,sabumarin1166
1449650050821341184,Knock,Knock2008
778507397765603328,鬼雨さくらもち,kiu_sakuramochi
1453315976653463557,雑穀,Zakoku2501
1162233817425305602,こんそめ,consome_2468
3074589828,ケロケロピー,idemitu2
986481846098653185,マァ↑ンメンミィ↓,maannmennmii
3128186358,アンデッド,snake8901016
3269894012,れい,reipokezuki
1126807114003783680,Hiroさん。,Hiro_sav07d
1103547383239999488,えりぽん,Poneri0423
2958231534,リキ,k4Kr8k0f42wxWmN
123473300,白い北風,pakuiti
1630974378,不破 亮輔,RYOUSUKE_FUWA
1173970304,atushiP,ampm614
1027855557799993344,ます！,taikonomaster
55873499,朔望@しがない,pico_magic
629225537,ピカリーノ1234,pikarino1234
1049308083548090368,名前が思いつかない/アクア,xee0aiMgy7aqxCJ
3920488693,かやしろ,Dragon_liquor
89947852,骨かも知れないナニカ,hone2000
233594389,蒼氏（鶴松の孫）,kisakumuyuubyou
967584996,トワ,border_towa
1137425780269387776,爆裂魔法鬼闇,yareBroly19
1385886086530887686,風吹けば紅茶,Red_Novice
2547568151,寅田ネコマル,mystery_CatmanR
2800029571,際,imokenpi_oishii
1122850618756845569,雪華,AGHuHJhym5vJXHV
3753221,𝕞𝕖𝕚𝕣𝕚𝕟🥂,meirin
1346295949123936256,❝Lc*Op❞失言のシャア大佐(元百合猫),lilycatcom
3070646060,いぬぽ,funnylifesb
122408209,ギョク🍃💫@療養しながらゆるく生きてゆきたい,gyokutaro
433318764,ななな,tt_bls_
870962296712863744,ジャスティス米田,21zFykg8tdufyia
82070247,豊前,buzen_kokura
1455891765131497472,ウサかな🐰🐟,usa0kana
964333127979081728,アシエン･バカワキガ,unknownLS55
200513852,刻都美　龍鳴,ryuna_toki
1187423524140355584,㉟,slaenagseh
148664510,零式,keisinaikoku
49361261,lefted,RIVEGAUCHE88
2350878696,ヨコタ,yoko_chance
1028466696,みち🚸,1600ZC
130152008,栗@やりたいことが多い,maron_way
1250751437694316545,あずき＠三玖推し！アニオタで何が悪い!!!,A9qy3pm1iRHo2so
188219088,樫町克哉,laviyan
108094778,河村有木生@マンドラ先輩,yukiokawamura
7615382,かるかんB,kalkan_B
4659554545,みたまおり,mitamaori
203933816,ずいずい,zuizui0828
1412251056,みこしば,mikoshibasai
180711696,ひさすههههه,hisasu77
3096090001,とらうむ,toraumu
295021899,神光寺かをり🌗脳梗塞▼低浮上,syufutosousaku
488021427,gosaber,gosaber
748756766,SEABAT,seabat707
241131158,霧生冬眞,Kiryuh_Touma
112205994,Ackey ◆ 7/24(日) 京都 三条木屋町 わからん屋,Ackey_Japan
1440992174,澤本！新しいお酒よ！,baio060804
1201842229322469376,きりぼしだいこん,kiliboshidaikon
880403634,マクミラン,dkslmw3acv
906432237565968384,ホタルノこり風,X8RQ5vEYEf35lvN
3682162519,BICKY@競馬おじさん,bickyrankomari
4276710319,り,nanodayoooo11
2613014174,Chromatic,AnthraciteX
118320082,moai501@ワクチン3回目,moai501
1333916310,まろの助bot,chiaco0404
1388749369562726400,鹿の者(ゆっくり実況者),shikanomono_59
138797193,鈴木　学,yougakuszk
120075320,フェストゥム アメジストの原石型,amethyst228blue
847065892445827072,脂売り,VCH2oOWwrXjL7Pa
102197215,ゆさや🐔,f0rmu1a0ne
721547333918265344,🍴蟻食ボノボ🐜憧子さんすこ,Touko_Oshi
125266007,リノ・エアレイス,rinogarcia
90435778,あらまき💉💉💉,p_aramaki
1129248382759792640,くりとろฅ•ω•ฅ,KuritoroXX
1366329522589589506,ことぶき,ktbk_crab
193232396,寺崎利緒（リオ）@創作活動垢,Lio_Terasaki
713083105565736960,黒川女王国の城の芝生,chiakis_maid
1532927853788295168,四季ダルタ(元紅ダルタ),R0q7d6Rfbem1dYj
1661825850,るいん,Ruin_Vivi18
238131226,michi,michipdale
134430724,d_gunner　乙甲乙乙丙,d_gunner
780385935808573440,アールペ子@HEY☆ZOOスレイヤー,liotpete_wot
130059362,🫠文🫠,fumifumiw
943130489275039745,はまなす,hamanasu202
1014162474805821441,カこそパワー📢⚙️🤖 🔧,pawakosoka
3600808219,夜桜,garchopu
1502644302651875328,長谷寺まち　日曜物書き,rockraplove90th
3220075459,ORIN,orin_9108F
2942650770,なまザウルス　できたよマイトガイン！！,namakemodesu
2280773977,蜀漢を楽しむPT決闘者騎士君主殿,Ryubi_3594
986808809560551424,sei,ssei95322655
1296710820861063174,マンドリル,Mandoriru_07
2761246356,ou¡ɥsɐ¯ıʞnʎ,asn_yk_tf29
795669897569144832,泥船🔞,s_dorobune
1534370703084232704,こ〜すけ,shit_RZ420
2376911143,𝒦,acidacid_1925
779885980689936384,mtm,res_novae_1204
356142053,タコぽん,shibinmask0630
39625014,とーそん(・ヮ・),TOHSON
1413479539204792321,ブルゾンいえみ,yM7KggdjaZOcrAf
1026511775573860352,ねくたりんの遊歩道,Nectari_salam
926246483200012290,真田虫に俺はなる,ButcherSanada
838681979499368449,Furuta Yuki,ofuton_19981213
1480866721712189443,カルノタウルスのおてて,kusogoriunchi
1308356729017520133,みゆこやん / miyu koyan（Youtube用）,miyukoyanYT
265421322,"Nobuyoshi Sato (リサイクル中,3回目)",7n2jju
1484846535141892098,柊ラッセルつばさ,Hiiragi_283_MC
828085221769633793,しまむー,hikarushima3141
1440910334018023425,Mixed,Mixed_CV1
87615176,プトー＠3回打った,puttoh
4573180572,mitazuku,mitazuku
142298504,アオイキエフ・S・ブルーバード,aoikiefu
82868260,雪兎＠FGOプレイ中,kuroyuki87
97664110,就活,enkatu
3301143192,はーむふるやっつん@解除,Harmful_Eight
1332002158858838018,拓海@アニメ、Pokemon,takumigamepokeA
1399308869000589315,ゆーしゃ(よしと),yoshito8768
1284792824911650816,はっちゃけにこらす＠カンヒザクラ団長,Nicholas4747SP
1390616033652711430,Leila_0🧷,Leila061562418
3593804778,"mr,クーニャン(KCN) 冷猫😸💪(●👄●💪)",type6879
764065427811016707,Leon@日本なう,Creator860426
1469554040552198144,青のいずも,d0N6lJyXgrYszT5
1194223331597111299,添蝦（そえ）,joS0OayyDnI7X6n
402315025,紅迦(勉強しろ),Koukasaaaan
91938820,場末の踊り子＠FF11siren鯖★精神ズタボロ,xenophlie
958932273100832769,妖斗(底辺)@木根はむ🌻,hamske8686
1376949175,こーす🎋,kohsniconico
2464712546,エアグルーヴさんマーク,Ari3_mark
107107478,Kenji.K🐾 感染×1、ワクチン×3(PPM),kensama_char
131474050,忍,ts_bladeheart
1478350716179972096,れぐ@二度寝すな,Liar07RegSZK
1213111351939235840,にこ・the barbarian,oYgQvPCzbx4rLLl
133133254,かんてつ64mm,kantetu64mm
1052564684514066432,Lebel🌙🥐XSS_2042,Heca_Chauchat
1288819396605960192,ワナワナ☆ウェヌプス☆トラップ,65Trap61
2209627304,だいじょぶだぁ(R.I.P.),tasoaike
958708291487412224,バカずまっくす,KAZUMAX628
109888424,星五127体の地方妖怪　PGERA,PGERA_RX
2292872282,フリーターターシステム,fulitata
1358386333631193088,ライオット,Z8bBf91Kx58T1vU
875728052,まさゆき,beagle_alex
1378599085213507586,にょのめ,nyonome2010
2588859757,ぷーさん,naniwanopoohsan
242331227,ふくねこ＠,kuroneko794
1889294250,ふかぱんだった斉藤くん,Hukapan27
2601698996,ガイアム,gyiamyakuta
1251517018009792512,ヤ²戸,0wsiCeFQKMzpeJl
885725996749471744,唐梨２号,Muri_dositemo_T
1105065229707182081,ゆま,BF8UH4274a6Y0h4
1384809800832217089,扶桑型戦艦　二番艦　山城,huso2yamsiro
1161220875254784000,立花零=セラフ❾,tachibana_gun
734374851209629696,ジョンソン&ジョン,soumei0264
1446313371268104197,ナイ🥼,Khanzuuuu
1145670555762249730,フォン☠️,Fon0176
1463510040782983171,Noman,B8qlk5q9P36wVzB
1146050573944254464,骨川ネオ✨🦁✨,ZgztPh495JiJq83
1349242068325916673,鳥之石楠船夏緑樹林A2 mit ErgS IdZ-BS,Trq5GjfP1Xy2imk
968238895,みゃう(わが征くは猫の集会)🇺🇦,enoch_el
1379741049195663360,🏮弥夜🏮,aho_boke_gomi_
128586897,クド,wahoo3150
1665003355,素うどん,Ayu_x_momoclo21
727092687250149376,ゆきわらし🧪,Yukiwarashi_GG
1306584946505515009,ノルトカリス,Nolt_kalise
548092927,護衛艦「みらい」,aegis_jsdf
848121902186995712,C.J.YOO@ 京アニ　トラウマ,CJYOO1
715095925161496576,むい＠色統一,mui_xxyy
3250904941,シン・ヘイチャソ,hey_chaso
161356184,みどり(秘色),ariel1208
972761112843202560,drug_drug_drag.,DORA70026024
127192393,あんぱん食べたい,rasmustank
973041152,ムツキミコト/Iris Sanguinea,mikoto_gnst
96962869,umashika,mayamayaibuki
588403721,"げん🐱🎮@""BACTERIA20XX""",LEMONed_CUSTOM
2450576005,RO-D(ロディ),thimathimaki
514409944,黒井 碌,kante0525
2885102639,シャック,shack2suteado
1713134660,vaisu@堂本,Vaisuritar
155197739,ろくはちけい,rokuhachikei
1521320563108503552,ジュウヤク✒️📚,dockan01
2195312244,藤原祐樹🦊,yuki_fujiwara3
3470978233,はい814(通常運転)💙💛,reiko124556hige
3580181,いたち@ワカンダ・フォーエバー,Tokyoitachi
1117295101,悠樹,GAIAyuuki
302546820,新野＠戦犯,aranotti
5372042,紺屋健生🇺🇦,konya
1371346065975222278,かなり心太なえぬ,ENu1871hihntkn
88394051,ばいさんフレンズ㌠＠佐伯湾泊地提督,n88_baisan
89363530,"Morgen, middag, kveld",houtounaru
787330463949959168,陀羅福曼荼羅-tarafuku,Neogen17
1310510503647535104,RAVEL HALO,chief_117_john
238899845,heishiA,1983_heishiA
1212243425338126338,粕太郎,fz4sEpeK4Ca4Zx0
2258639588,のへる 🐎,noheru_3
1219415094410395648,わさび,dqqman_LOVE_
2271445316,kaioh!?@次は？？,K59Kaioh
503632745,うさＰハウス 相田和与 WF6-20-09,usa_p_house
1269013128,ズッシー,ushi_9nine
256900039,サギミヤ,sagimiya_ship3
1145933460088840193,コロパトル,mill4102
233947733,小銭型 銭,ZeniCoil
991986585523572737,ギリメカラ＠艦これイベやっぱり丁クリアｗ,Girimekara1030
900016114855428099,ネット弁慶プレデター,ashipinchan
1460186015751356420,やまおか,tono_ae111n
1063751146827698182,よもぎ,yomogigot613
227053460,雪宮ちほこ（*´♡`）,yukimiyatakako
96575380,桐条克弥,toujo_ka
82674818,黒江 蒼,xlazulite
3068066004,オサムシ,sywatermelon1
1150785533561323520,かまボこ⋈,GnV07eMljo0p4as
95614548,IDA10イカボット,momitinko
2370492240,kome16,yonepiku
188687575,元ファミコンランド中標津店中の人,familan_net
241529748,ひめ＠女体化したい人生だった,sarasvati635
1189762036537839617,Rosen,Rosen5656
420237717,ちんさん/G,chinsan50
1239257939216461824,まヲ,maawo28657
345091267,富山星餓鬼,toyamastarchild
1130059857988505602,くぅねる,zeroroku_55
1475828325839175688,こばんざめ,kobanzame2022
753039703704637440,ぷにゃ,tjmxgan
886371725281157120,大阪のDDRer(ニュートラルisGOD),neutralisGOD
84423328,遍　＿　路　＿　さ　＿　ん,henro3
168379105,逢香(aica)@7/23東3フ38a,suck629it
908639545054314496,HIBIKI CUBE,hibiki_cube
1357302980123402242,AIRANN(エルス),AIRANN18
113823642,岬の楼閣,roukaku
1412094554476482561,Note(のーと),NOTE5R
115785651,私は口蹄疫も忘れない,okafeng
1520278293995724800,あゔにっらー,zZdBXjE9NlLXzF8
1151514573029036032,"安芸倫也になりたかった人
(なりきりではないです)",Takiutako_Jr
924598016257933312,Teki,TekiBeta
135283909,みやむーん@野良ロド乗り,TOCF15J
82906861,奈良阪某,narazaka
368986184,OZMA≠26時の夢みる私立妄想マジカル新党'46.inc☆METALファクトリー症候群C組の如く。,ozmarionette
98863320,浪速あきんど,vocamas
1230060356996759552,ねと,netdebattleman
2379326365,しじみ,shijimigaimate
160714974,藤田海竜講師,weedy_C_dragon
103327547,178（INaBa）,_TewI_
1072544442735677440,桜さん@しあちんざん,tukimino_sakura
843314109219135489,♔おにぎりゆっくり×カモミール天井！w♚,Satoriwokoeruze
1017431660,のむ兵衛🚀⚙,nom_404
1311670013632212993,るるり@るるり,rururikageusu1
2464624188,自動児童保護LEGENDS@ミネアポリス‎๛ก( ˃̶͈̀ ▿ •́˶ก)ζ,minezou738
630957544,宿茂,kazama_sukumo
765906094183026688,ティキミ,tykimi_ff
75476695,けいご,keigo106
816262811412090880,ます。,mt_masumasu
878230551664115713,eternal107＠E.S.K.,dydo185
1714380259,アライグマもそもそ,hoozuki_44
2428105291,1044,kachi1044
2843793709,ま〜,flamingoeye
1414922105582350337,弦弥@固ツイ…,genya__zatta_
1485248359241711617,たなかなた,tnkntUY
1253875944,池田哲次,Fez_ike
2258995130,ユキお姉さま@多忙,yuki002m
133175371,Volk149,abdda149
1371598903305379842,ZUL/ゆ〜しゃチルノ,yukkurijaran516
878806886467854336,清水@7/28ガチコ萩生田 負けたら引退決定！サバイバルマッチ頑張れ！！！！🦝🐹👯🍎,kenkichi_gm
159765223,シェルパ終末旅行,ykrokusan
736793296219996164,にんにくん,motomoritoani
1114740736451153921,Noboru Wakanakaya,uranus0079
86695823,shirane3,shirane3
923106437785559040,かた,Kata5O63
843330331,師走睦月（各停）,StrayHammer
182267713,えりたろー,eritarouysd
1349639750844510210,んぽ,ponpokochousuke
2161610048,わはー,mokotanin1
2345316589,さぐる,KuukiBreaker
144812337,よるかげ提督🍋🐜🍄🐏🍒💎🌾🌱💻🐄🐈🌸🎩🍖💫✪👑⚖,Yorukage_GE2
451504845,tkz_oc.jp,tkz68
127445005,たち⋈💉💉💉,tatchy0313
704635407317663744,アオゲラの森💾🎀📚💤,aogera_no
1162040511642755073,まめ助,M_lm_0
2492239586,黒猫使いの鈴木@語れる程度にはモテますので,kuronekomasters
705323684416737280,駒井 (a.k.a ｾﾞﾝﾀﾞｰ),chmcr_hp
115667553,あやめ@10/16宅建,schnee0322
1456890031407509504,🌞,Fxxkin_dero
1103507969528885248,ツキヤ,rapirapisu_neko
1364409606206746633,しゅせき,syusekisama
976283876,AobaYuy(アオバ・ユイ),AobaYuy
876251634,酒井正幸,m_sakai_
1192737985428512768,おせち,oseti2215
5379102,Re*Index. (ot_inc)@15年物アカウント,ot_inc
121280737,Melt@土曜東リ-23b,Melt_ZC33S
1223467288298344448,zikiru,zikiru97691588
208042702,いくす@鉄チンの人(メンタルブレイクは突然に)フォロ制限で中々返せません,overdrift_exe
336414254,solanekoソラカカ@ファボ魔RT厨/17ライバー,skycat4444
3314148692,しろま,scr_ast
1016750089,棒夫(ボウマン),873kCH
89956852,キュラ太郎@元の名前に戻しました,qurataro
1501957120756903937,さらみ🥓,1rm62UekGvbcCyV
72268796,ぴあっつぁ,4zc1
1359779247066206210,ミーヌ,meenu_rom_senn
1330120751165427714,桜葉〈さくらば〉,SakurabaPrivate
2429339634,Lia Ria,LiaRia5000
147996418,ふぉぐねりお＠がんサバイバー,foghat1971
1101859377542193152,五匹目の子豚,cHoHhvG5oYLbjWi
403293988,きんぐ,king_of_liar
539083473,偽イーグルドライバーP@高級建材荷役人,Kansai614
1439737799834357765,名無しの権兵衛,usegOK0OsYuP0jd
115938138,りっか,7sistere2
529085897,のんごた@BRZ/ZD8,nongota9701
1395696589902016519,ポン酢,V24OEHITtSkY7IB
91119647,ヨシヒト,yosihito
2918661805,ゴマぬんてぃうす,GOMA5412
1466786138,デカ王,shiro_hakaider
230911980,Mair,luna7206
951039951126200320,Lachesis.Yy@Typhon(EleDC),LachesisYy
1034834942,煤渡 @B：お2シン・こたつ潜航中444飛行隊,nagatob777
717903727735087105,キラタ,HF27ya
128467353,軍曹,gunsou_5g31
724261911840202752,KEN(ぷち弱体化),KEN556NATO
2364252949,アキラ,pazuzu574
1137315462990065665,砕花@,CrushFerdinand
785047516853121026,SU Kt,su_e01
1103847049189945344,H.Sayaka@因幡の国,m_i_m_a_i
1264831207860101123,東京八咫烏（TokyoYatagarasu)@赤坂Dominatrix,4IuAk33HbtrOcaz
226601795,千葉,moto_chi_ba
61294883,ﾒﾅｳｫｰ(間の魚),manouo
1112712424501567488,大砲に弾薬をこめる,VK4501_TigerP
1017955177951719425,ナツ🍊@低浮,natsumikan_day
3278981048,BJ-STARFIELD(BJ スターフィールド(ナウルと同い年),174cd7adeefc43f
26987540,わっくんぱぱ＠「市民に銃口を向けている場末の図書館学者」「シーライオニングお断りします」,wackunnpapa
1418955534540095490,DEKUSAN,Dexan_omori
1456179729665454082,sato 謎のパチモンマスターmmm,sato_tammin
1266049199897931778,社不リヤール,Ctpenka19600819
1097033250097135616,Kuronatto,Kuronatto1
318304735,マジキチ三平,hakob1ya
3104850577,坊主田貫の減罪,bouzutanuki
144473336,しゅーあに🥕🔯,syuuani
4361855712,ルフィナ@電脳スリヴァー,WKuxH0760HXH9Dj
880031596237082624,ジュラルミン(アルミ合金),2017alzumgcu
1493391808671674370,CATCAT,enukamo_cat
921355470605991936,ブルーレット奥田家,BlueRed_Okuda
370215704,Raiden,raiden480
15582822,しまお,shimaao
1341313580663070722,きゅろみゅうぇりゅ,kyuromyuuuuuwel
1000669303987879936,クラウンイルカ,crown_skylive
485658223,哲学者殿,hsodsaeko
971698327707242496,西カルロン陸@横須賀,Carlo__JP
234081056,菜朔-ナツ-👯‍♀️,dokuketsu_zange
292422400,オレンジ@雷合計Lv2120,012F840A_orange
839053307125481473,Hinato 🌈🕒,yuu__zuu_
166364860,軍師モロトフ@神々の戯れ,tekkamase
149708103,春乃ねむり,harurem
2248335792,とれんち㌠💙💛,toren_chi
1029023890930950144,ドラゴ,QadSHqwvjZoDRw8
401147760,まつやま@旅人,Bf109K1
136604317,い－ばる,muminn4
1297103376950280192,かの,KANON___SHIBUYA
1061101784452653056,梨田智博,FtvQozyip585fsS
96971246,Hironobu Sakaguchi,hrnbskgc
903546719064834048,久我正二,DandeKatze
977926835542548482,萎え落ち,naeotci
180339662,okkむし(二期),ArabikkTomato71
138818277,ルー•ローワン（400X乗り）,Entwick_05
2991337966,レプラコンワークス,niko_brownie
136970960,Dormeur,nemuribito
3007704901,おしりセレブ@連盟員,nijisyosetu
4900928924,瑠璃,rapisu25fumi231
228357722,みそろく,misorock
451433663,Tagumi@ダイエット,Tagumi1
68999606,六百万石之男🇺🇦🌻💉💉💉,teru3
1329342754351054848,東亜連邦,EAFachin
2152751426,XMAXSPEEDX,XMAXSPEEDX
1882376708,出口哲也＠アマビエ様・疫病退散,kumabasiri
92552528,omakasessan(▽▽),emonossan
100927249,ayaさぶれ🦭🥂🍎🐈,ayasabure
204519305,MC119⋈@C100土曜日東地区 ヨ50b,sikemc
760932276016287744,YASSAN,yaranai02
5338632,katsuji,katsuji
1237551867753672704,マジキチ豚まん,pdM1pNqzxSoogMI
4678352180,ヒーロー,Lucanuselaphus
2265886236,ユーハム,uham_mt3
74399598,ねおん,neon3939
3189819056,微中本おじさん,p_seiron
707348775807782912,富谷@物理学者🐉🍕,TomiyaAkio
1238824112954302464,晴れ鳩,Hareba10_sypn0n
1540974563172818944,社員A【神奈川】,Aofficework
35212528,NobukoOSK,NobukoOSK
1079349440350117888,上野ネズミ(不定期浮上),Pritchettrifle
117711920,顔認識弱々しばえもん,sukiyaki1234567
278351113,蟲,scumbag64
407809103,考える事をやめたリトルジョー(仮),little__joe_
1109052534,外道高校野球部監督,asarutoaso
191001542,Wolfgang･Gottenberg【残余一万九千八百文字】,C11katao
1502775750318977024,とんじる,Tonjiru_8128
3316236953,Darikizuna,Darikizuna
1248235477318029315,A.K.,AK_mushi
1284842887,y.y,abc2148
1486690082564493314,いかじおじさんpartIV,ikajiojisan001
1856458332,fratello,triela_fratello
1477283923,よんてつきかんし735💉💉💉接種済,yontetsu735
764067777753731072,Kueennes,chiave_llave
258677441,大山益吉 C100 土 『サ』41b,pan_iti
68709126,猫乃 しゅうむ,autumn_dream
1327200878,しあ,StXa1639053
1303619756742721538,よみびとしらず,A7M219
522173153,椎奈はくたか,8sg5
230395861,力ヲル・タイター,5thkaworu
122645157,マックライク,LmaclikeC
3033434779,エイラとSIGが好きな三流人間時々ペリーヌ,S_117_EILA
3107387330,ゐゑだ,cv_neko
248607864,｜日０☆TK,kyuumaruTK
356105095,tokka-@C100 土曜日 東 パ-49a,tokka_
137030326,kozzyTAn🔞,kozzyTAn
135965906,Tat,tat_sai
1470222044147363840,おばば･ば〜ん アラ還,Obababan0422
1433264292,センボントリイ 重装拠点防衛改修型,InariHushim
2900487817,ふえー,rucola_ac_ver2
125679989,タケ無限NSR50🇯🇵,nsr50mugenpower
725721155982622720,ポニーテーラー@時々忌まわしき狩人提督,PonyTairror
851851170,昼夜を問わず骨(E:胃薬),hone_tyuyawotow
128198150,ナマゴミノカマタリ＠ぼっち党員,furu_nao
2548924758,ホワイト軍曹@colshow,whitegunsou
896188144202035200,工作艦 明石（烏帽子岩鎮守府所属）,Factory_Akashi
1253454114429603841,螺旋丸,Halphas_Kuma
12096782,みかも🦆🍊／🦾💉ｽﾊﾟｲｸV3💉🦾／🌲🍄もなか🍄🌲,tailtame
85876387,きぃち,keychro
820559141622063106,戦艦 大和（烏帽子岩鎮守府所属）,PTF_BS_Yamato
1183608132594888704,タマゴォォ,Tamagooooo7
1874866345,隙あらば手を洗うなかさん(R.I.P.)🇺🇦ブースター接種ずみ,kanakasansakura
144617065,白瀬伸一（軍事アナリスト）💙💛,ChromeBranche
1142255754,来訪者となったPK,PKparalysis
1323209615190888453,ケ・セラ・せら,sera_graphite
2900383093,♦️寸三参拾九粍於髪型賀射煮星♦️🍜🍺,akkidasu
243180901,ヴヌア マキオ💉💉💉,MOGUELEFF
1294966075,スズ菌 @VTEC㌠,suzuki_virus
1339262580,KōñāGāi,Koganagai
157980470,深夜,tiefe_nacht
210754421,山本貴嗣,atsuji_yamamoto
1237569106292772865,Loplop/ろぷろぷ,ScandiLoplop
508874755,かんぶれ(cannedbread),_cannedbread
1207246328712986624,まじかる☆おやつ,wako855582
1122331717816049666,無名の翠【フォロバ100】,Midori_nameless
949147709801312258,陸の雲丹,landurchin37564
1595775806,ケケケのKey（ケイ）,keyYoukaiDoctor
537951791,STING R&D🌗もう後手後手の後手,sting_r_and_d
780696696812478464,だし ㎄ᙆᴱ°,Dashi1310
1895549778,ないふ@ペポ団長,silverknife398s
87467705,総士病,ka9e
930203952104161280,萌黄 緑（秋梨）,chowder_white
47502357,S𝓱𝓲𝓰𝓮𝓻𝓾 F𝓾𝓳𝓲𝓽𝓪,shigerufujita
86980475,かずみ,rkazumi
1365896578439938050,えの2,JxPz9airhu3
1406821502545059846,魁!!碧猫ちゃん!!,8bam_
20910329,まぃまぃ,maimai0409
1267781827487363072,アコースト,k_zeku
109892254,白黒つけるパンダ☆,panda_roid
411377502,Yusuke,Daifubinmono
411426255,PTK,PTK_Ketui
25309331,inuchin,inuchin
130408023,有間 侃@乙丙丙丙丁,arima_akira
2443823707,mizukiさん@がんばらない,mlblchannel
879972387021651968,ゴミAngel,Andus2161
1228583403940827136,ましろ,zjBJmjwXRoRxyyT
1242134890809704449,のののいのいのい,Izumisawa_sh03
185241998,夏目しゃち,natsume_shachi
2840797766,Cc10=,pso2_hone
3224865061,星島 希良,Crockweker
239356401,ミスターKS/ROBO-JAGI,Mr_KS
1023350051588911104,復刻のカラサワ2,Q31820024
505743147,グレたトンベリ,hakukoh
970240314,NOCTURNE【夜走曲】,nocturne_julia
82243014,しなまつ@MX-5 (信濃のマツダ乗り),shinamaz_mx5
2840638231,FM葱坊主@ネギ属,FMngbz23ax
2728441974,KOU-D,KOUD0713
520143718,らぷそ🍺,rhapsoddd
943151460,いかり/んごっ！！！,oumeriku
68435314,高崎直也,TEA_EE
127196081,菊田裕樹💫HIROKI KIKUTA,Hiroki_Kikuta
1451185744148525074,らんたん,LAN_ACK
267838399,a⃕k⃕i⃕o⃕i⃕m⃕a⃕m⃕u⃕r⃕a⃕,ginryou715
3812616614,岬之魔人,M_Cape_Rider_
1107620650074562561,PLUS ONE@ライウンキラー,KR38639175_ONE
298470408,エリプス@東方卓遊戯【レッツプレイツー！】投稿中,ellipsehunter
1402230700460318721,スートリアス,Japa2021politi
3854466012,SHOWssgt,ShoWssgt
161676994,ろめ🐥個人開発見習い,JohannesRome
978057468344377344,.,mitsui313025
578547073,仮面ライアー銀丈 ☽ ニーさん,guin_geo
726417955,sinoa,si_noa
90559465,じゅん ঌ スパム系は即ブロだよ♡,jun086
752980178,だいきち,arucald
767707471389483008,あんばー＠まんどら鯖,Amber_Skeith
716239832737980416,ehb35（エハブ）ラスジナ残り7週,Hirosiwww
1476868758111424514,風来,P2mm_N2aofly
1266552937,TAKUTEKS＠同人誌新作販売中,takuteks
1423535139510919171,EIFFEL,pierced_Laugh
74930773,ちゅーわn あぎゃぎゃ,oissu90000
1379567396990578689,No.Name ₨,NoName54698322
832723560166674432,y0sh1wara,mayora3rd
86277104,abekei1,abekei1
1476199682,さわやかみかん,sawayakamikan1
15994139,Yukiharu YABUKI bot,YukiharuYABUKI
3133723800,神埼有理@いつでも眠い,youli_kanzaki
2469181994,ジュンイチロウ,jb23jimny_shun
107893788,F2raptordra,F2raptordra
2356184700,yuma2270,Chtholly2270
1458437648918642688,Joui,panayo_outside
1477501347700576256,mippo,kuuuuuuuuubkkn
1155599555259322369,さしみ。@ゆっくり実況者,sasimi_otomad
1536667927725735938,さんりが　(サブ,2Bn9ksDdDAP6wif
125268982,katabira,true_katabira
2990037324,きの(withkino),withkino
1026693746782433280,Builder,Builder_256
285564647,人生で大切な事はみな車田漫画で学んだ,extraetoflimes
763905810,まぐとろん,migiyawaraka
1343199337271099392,ノヴァ17🍞🎤,reachleon17
1306230377577500673,吉本　稔＠秦漢定刻勢,sin_yoshimoto
139255058,まじょりか@魔女＝Lylica ⋈,MajoMajolica
879190264929058817,SKI新宿御苑国際マス釣場インターナショナル,gayasenda
1334339803127549953,まっちゃん,maz0730
51095845,しんや,shinyaa31
3013125560,現実こそが『新作』そのもの,thousand_r_n
915494586788618240,招き猫,0303manekineko
74926823,こだま@100thMAZDA6,kodama414a
1239325425488162816,Mr.Splendid alfonsino,KinMedai_Koi
14887096,MUROTA,reservoir
1462066740268081161,HateDuoPi,pluspearpi_jp
2462327940,よりぼく,5732f4aba273492
46048969,緑のバカ@パァリィ・ピィ・ポォ係,epitaph60
1378616724937789442,鷹妃(たかひ),takahi_diary
967123687240450048,とおる@隕石操るほう,ksnktor
66315590,hidew,hidew27
894785275532001286,あるびの @,AlbinoRavenSE
165236660,本名です,MangekyoKareido
701211103787773952,mania3bb,mania3bb2007
116560258,まつたか☆こさんXV,mokuzu_fin
311574467,Unforgiven Viator Creed,Crede_wow
70096480,𓎡𓅱𓂋𓄿𓅓𓇌𓏏𓅱𓉔𓄿（くらミツハ）・愛と平和とオタ活動は💉💉💉済,7424h
968184422,ハイパー兵器,heppoko_master
139589009,零細企業おとんちゃん🌸秒速で億……の負債,upopoipo
187047358,カグナおばちゃん,Kaguna
70312319,𓆉三七三㌇,373maxi
4212848113,五月雨@fallout76&PSO2NGS(ship4),Samidare_1651
62248439,眼鏡600RR,Karints1124
13039202,とみー,T_O_M_
922393793185251328,梅の花,Zouki_bayashi
2935650259,どこかのだれか,b4e59095984e408
107955705,ゆとり🇺🇦,megascus
3196327346,しょに鉄＠給電計装,electric_jn24
264659393,7月22から8月19まで一時帰国の蟲喰ロトワ (むしくろとわ)byおいしい昆虫生活®︎,Mushi_Kurotowa
881855355134779393,魔法使い(物理特攻),Yasufumi_Nakata
89239069,土井考爾,ijookid
58447675,高梨陣平,jingbay
810933338,十勝餡粒々,tubuann_only
1054334694114811905,たそがれびと,_tasogarebito
5880722,‾ƃ‾d,p_g_
18017979,だめにん_ゲン,GEN_Destino
56015956,you/海中金,you2chan
87670259,Decade_Fanks,Decade_Fanks
83802076,１２式戦爆,sawanabe
32315802,にせれぶ,2celeb
954213910831185921,かわ,kawa_n_univ
3295761,ǝunsʇo ıɯnɟɐsɐɯ / メタバース炎上対策専門家,otsune
1065570379,shiroi,68Shiroi
1247836348930654208,いずみはるか,AQKGEqA0VSPorvf
1111162493097787392,sanma.html,sanmainago
9422192,たかき,Takaki_
4147931,Masayuki Hatta,mhatta
1327935645587623939,暁月蒼空 // 最狂の戦士,saikyounosennsi
1048564337030250496,さとー＠閲覧用,sato_ref
1453662877781401603,植木膜羅/uekimakura@VRC,uekimakuraVRC
18049401,うきょ,JupitalieN
138761992,かんた＠休眠中,a_kata
76231512,ちゃぁき@メンテナンス中,chiaki_df
53485965,極楽ドビー,g_dobby
1296044244130394114,さとうゆういちろう,satouyuuichirou
1039815395622891520,𝕮𝖍𝖔𝖈𝖔𝖑𝖊,mndie_4
1245512681848627200,Mumunomia,U9k9Px70SUrarDZ
2708386867,きた@ship1,fia8124
1192063273639636992,(;o;),iteawmtq
1427429230267097091,カスタム78,custom78_
2840256918,クラピー,curapee17
92032619,TT,ToTo_TOSY
95161836,斬咲蒐🐹💜M6th東京1日目現地,krsk_akane
144540153,ハタ男(P),hatao_1203P
102684813,すずなり,suzunari2501
19904712,"朗読P, et al.",Whitethroat
122730000,七篠那由多,nanashinonayuta
1141280150241202176,たほもあ,tka32201
3129401094,@ガルビグ,711652be2a9643e
1516552417831047170,Jumpe,Jumpe07734575
49886291,四角い仲間,ejnishi
3250275870,よるねこ,yorunekonya
95405918,GOKUTUBUSI,warosuwarosu19
1499711717542350851,エレキテル之助(趣味垢),172cm172cm172cm
375736511,のすけ@実家で修行中,spacerunaway660
1344637166127726593,ふくまちぶね,lvM72HqZ2hgb1mZ
3181465170,千鸞@UEC21,Yoshu_duelist
243480947,riron博士@レターパック販売中,rironriron
136900208,ToTo,toto_6w
146395070,百おやじ(政治経済・時事ネタ系）,hyaku_oyaji
96150981,kyoueiyuka,fatestar0426
2792256308,ふとんのなかにいる。かほ。,yrkaede
285080491,神楽野 麗(かぐらの　うるは)@２２年行政書士初受験＆宅建士名乗れるようになりました！,kaguranouruha
136175636,ベイオウルフ@佐世保鎮守府,Yuichi_Tanaka
901495039871787010,軍警察職員の桃原@繁忙期パンシロン,toubarusan0230
570918156,ケン,ken_LevelUp
63453108,manon,e_manon
820432245882138624,As-Ray,Asray76579300
2421524923,永猫,naganeko223
1677428226,鮨特対(鮨債権特設対策室専従班),marunouchi334
283856313,Kei K,keix_k
132102889,Harry_Sanada,CloudForMandA
3191593129,💩,un_co_the2nd
210445088,中年老い易く猫飼い難し,depon2010
215050829,みかげ(指攣り勢い),mikage_gmdm_04
409968209,白澄,whiteclaire_826
810334749117988865,ピアニー@アルウ,botann_tyou
63692535,ドル山【療養中】,dol_aki
40682993,dtk,dtk1970
558656568,ふりいすぺえす与太庵,poplamonade
1221391700582531074,しゅん/Сюн@Ⅲ-M,stunniita
380620597,たけっち（コミナティ筋注2回目接種完了）,take_judge
4676860944,sounisi5011/*,sounisi5011
981762668695453697,咲(シャオ),Syaoshao_62
15288758,カキヤザクロ,z_kakiya
3013335805,しじみa.k.a.Fカップ女子大生,BotOnakane
332253016,松尾羽翔,747SR8118
1391963714,ふくぶ@Mein liebes Bett,schwarz1111
1367071976729141253,玄米 (brown rice),brownrice_1
125171112,若狹　眞礼城 WAKASA Mareki @能代べらぼう屋,marekingu
3231594432,古山,KOYAMA_D5
110107859,( ﾟдﾟ)64💉💉💉,TAType17
41950897,NASA-G（森本　明日美）,momiemoto
499599219,志結,shiyu_VRC
216677781,ゆでだこのこひな🐙,37coHiNa
1387763207507484672,🇮🇸氷川🇮🇸,chikuwaclinic
155165879,nvsnva,nvsnva
635385250,なかてー,NKMR_LN2
72517886,縞ななめ,nanameshima
948519282815647744,蛹変,drn_vam_fg
1518960334270214144,🔰バータリオン,28bakalion
328431243,🍮べるふぃ～る（ありす）＠レトロゲームクリアしたい,fuwafuwa_215
205699835,E.X.A.M.＠霞染月マスター提督,itsuitsujack
127233206,空鍋のでこぽん,bst72d
1024529039547985920,ブッホ・(´・ω・｀)theジョン,the81439468
795222000788586496,もりもり_Ashinotsume,morisyun0741
1435270013397573636,画猫,gabyo_cat
1412028108891332612,高橋一太,uy2Lv2ZczUmgoIh
1421399845743460353,ふぁーらんど,farland1717
738936131819970560,ソロイスト,cervelo2008CSC
1110837164013555712,ꑭ大神うるふꑭ🐺💙💛#StandWithUkraine,Vtuber_Wolf
1347777013,32,rainy_walker524
959563040805994497,ヒロナリ@旧名ギャン　色んな所で使ってるハンドルネームに変えました。,25qzeFMCeJMhO4I
1211206430042124288,Type3000Corsair,Type3000corsair
994135731462225922,どろこ,Dorokoso_qeqwqe
3062660040,選挙権を持っちゃった者,geniussenkyoken
1125192028164280320,小鳥遊Ham氏/AFS,2nd20318445
894053957537996800,タロ芋(´へωへ`*),I88OFAM4qWCPvol
159474550,ニト・ローエングラム,Nitro182
755833329887223808,えれめんと,Euclid_1223
2570839388,Aquilegia,Aquilegia093
1359287331698581504,かなさ ひさ,kanasahisa
915880387,Akira Kawamata (川俣晶),KawamataAkira
177863158,Kappa隊長,Kappa_Tt
1218279161111777280,ちゅんこ,3g2f0x2D1ro3qUn
1105763163197206529,かーい,hobby_ka
1279714976089796609,柿花眞之祐,crs5QMcjILASb5i
90599346,カツヲ,RX78_01
783664297331220480,寺田陰陽頭,Terada_Onmyou
1339918948486156288,ダークウェブ,V6OhKNVq0rMox13
66167305,生きるのがめんどくさい,sioriiiiin
425855839,天道　白,tenndouhaku
830351603806855168,35乗,campura87
335615938,ヤミNakuya,nakuya_
896411194302414848,サクマ,zengameaka
212523599,ほっすぃー🍋🍄🍖🐾,hossy_0083
1119414467530379265,微笑みデブ💘🍄🐬🐴🐑💥🍖🌃,oculus_dexter10
980948177581883392,お餅のcreeperっ!。(稲凪 咲)@神絵RTするBot,Riku_2004
73110837,Alpha,a_alpha_m
1041244673551949825,紅魔郷＝先輩,1925_0825_16_0
147527613,zuma（ずま）🌸💉💉💉,zumatama
2791953272,ハナブサ51號,moondrank
586535125,れぢ,regina2032
771605820,ぽよなむインターネッツ🇺🇦🇹🇼🇯🇵,poyonum
354911902,sbal_(ｽﾊﾞﾙ) @月末まで大掃除,sbal_
110863548,yazawa_bokumata,gairoju
445615928,Yasuo Nakahara,yntwt
198370187,ハラダリア,mares_k98
1259711037135220737,善哉(ぜんざい)しるこ@山姥,zenzaisiruco
1385541711410077697,匿名希望,k2mYii6vGSgj5Mq
999282419068014593,🔥福津野 闘志🔥,E8KrFFb2ciLOCti
1127431680443027458,鉄砲玉淑女🍋缶チュー廃,bulletlady_game
1327949495968038913,とまてぃ,tomati2020
1159652541635842048,黒色火薬〜P90使いのサバゲーマー〜,KAYAKU_BAKU
1220938964598546433,蒼之,d9WWWmcGZsD1pqe
290397156,へのへの,henomohejiheno
796288729711132672,融合された守護者Ex,detteiuEX
121705985,おび,obikun
127397771,ねこねこ/薔薇GM,neko__neko
3006001292,htsuji,Hideyuki_TSUJI
1127213441863667712,Stoa,Stoa42092243
967175817376686080,ティアラメンツ杜仲茶🍻,TW_tochucha
1185316875409846273,マカロニパスタのミリ,yada_gakkou
186771055,すらっしゅ,slashglitter
1508053767501283332,おねんねタンパク質,onenne_tampaku
1289998611074256896,おあげ,1fRpmZzVV07e3aC
1403833663,大神マリ(プロフ必読),reader_dragon26
1264515721251323905,oro oron,oron_oro
362908291,メリーさんのアモル(Merry Amor),M_Amor000
89685495,沙守,sagami1siki
288520657,エルリソロ＠中量キメラ,rel_386
21098704,あらやまつみ,arayama
88154316,root_IKA@固定値こわい,root_ika
1481984725824995336,蟹猫15,FkbtBOwGLF21mB
1039789988362113025,西武球場亭内野指定席,harumina_lions
1355687218480734208,Rami@ラミィ,oturami0460
123571249,補助軍兵A,Auxilia_A
180711464,きばとり　紅@なろう活動中！ お仕事してみたい,kibatori2646
913795296232062977,クファンジャル_CF@凍結されにけり,stylet_CF
2597609887,かわま(嫁)7/24パト展2参戦,KawamaMrs
834783819311915008,やまゆう,yamayuthegreat
85719459,Shotaro Suzuki,shosuz
762754939,ぱんつ履いてない🍆🦷🐶,chinotyanmofmof
1446389061824880646,いおり,iahaysd
959645155262279680,新津 一,uenookatimati
2901735487,コーススペクター,paratei16
2222589708,CRYMAXソーチャン@鬼レクスターズ,KS_climber
851453094,コシフリエル（狐漢。@普段垢）,kbtyshr925
502564085,草野庵,Iori_Kusano
1500137012820856835,基本的味噌,KHNTK_MISO
3020721763,Ｋ,SPMK35
1548241432598937600,石塚,unchi_manko_19
364873559,まりも,potimarimo
290364341,奏沙納（そうじゃなー、と読みます）,knnovel
1366323607513698305,tkm🇯🇵,tkm89445671
1127223077127909376,gm0066,greenmale66
1383756966787358722,rてこｽｱﾝ_じゃんかー笑,sanpai_user
783954681504555009,dw16 #StaySafeAtHome,daispoworld2016
61985930,外星人 第638332号　カセトノテ《麻痺》,kasetonote
1318544506581549060,ホエール🔔,berutyan_Love
11321632,かずや１８歳💉💉💉たけのこ派,kazuya78
193219836,Ⓜ️正宗,MAthumbnail
1320674351503470594,草木クッキー・リーガン,5lgZFkHBPwxAine
3550417345,ちゃっぴぃ®️,Jackcoke711
93201030,豚,teketuku
1253262525270900736,#syake・MeT#,syake2325
1157288839372668929,ROCKS🍊,ROCK02053625
1377601024022601731,そろそろ名前変えます,2219f1ultralike
224545676,MadDoc(まっどどくた～)⋈,xmaddoc
2910838758,史学な人,military1914
449622342,ネコ釘,noh483
1419619906597769220,Myst,Mystinfinite
2682059317,井戸蛙,idokawazu_5
16405127,デュロキセチン中野,uuukusu
1444630268019568650,🇺🇦かつの🇺🇦,katsuno2451
95639128,三並・バイオ・甲太郎,okozenosashimi
1211495305658560512,麻🇺🇦🕊💞🇺🇦,RgY8vqjnZmhUKrA
138012169,三浦介,zeflos
1396995070167982082,節月🐰🌓狂った人,SetsuGetsu_3
548258735,中里憲司,090niacinKen
344840073,森戸泉（もりと･いづみ),Morito1967
3023540768,Orkus(オルクス)P,orkus_p
31775830,🐥きむらー🍊,negitoro503
1243180587248021504,翔太@赤いカブ主,shA8tKGkKJnSA8q
168696190,はと,haben35
1366090669,ほんさつ,HNST_117
138426258,MASA,masa_0083
82568787,ny,hoehoe1242
746909848172793857,y･s💉💉💉ワクチン接種済,simura_y
3197223036,ヤタガラス@バーチャルダークヒーロー,Superhero_Raven
1063586117704802304,無銘刀,mumeitou00
2841380797,峰山波濤,mineyama13
1253286432363315203,ニワタリー・ぺトゥホフ,28trPetukhov
976049738121297920,冴えない機械音痴の多分野オタク,show10188458
2173152426,えれな,elena_6101
823015677309042692,爆撃project,bakugekiproject
